Category,Phrase
High,yes doctor
High,pain reduced this evening
High,of course this evening
High,done this week
High,i will visit
High,i will brush twice daily
High,i will follow instructions today
High,i will take medicine today
High,gums better next month
High,i will rinse mouth
High,i will arrive on time this week
High,recovery improving
High,i will rinse mouth soon
High,i will attend
High,i will follow treatment
High,i will come tomorrow this evening
High,medicine working this week
High,bleeding reduced next week
High,sure doctor today
High,of course
High,i will book appointment
High,i will rinse mouth tomorrow
High,confirmed next week
High,i will come today this week
High,i will schedule appointment soon
High,absolutely next week
High,done
High,okay doctor
High,yes doctor
High,absolutely this week
High,okay doctor
High,recovery improving next week
High,i will rinse mouth this evening
High,alright doctor tomorrow
High,i will come today this week
High,i will attend
High,of course
High,gums better today
High,i will be there next month
High,i will book appointment
High,okay doctor
High,gums better
High,recovery improving
High,i will use mouthwash next month
High,see you tomorrow
High,absolutely
High,i will arrive on time
High,i will take medicine
High,i will be there
High,of course this week
High,sure doctor today
High,of course this week
High,pain reduced
High,i will schedule appointment
High,i will visit
High,i will come this week
High,swelling reduced this evening
High,sure doctor tomorrow
High,yes doctor this evening
High,i will brush twice daily today
High,i will brush twice daily soon
High,see you tomorrow soon
High,medicine working tomorrow
High,i will follow treatment
High,got it next week
High,confirmed
High,i will follow treatment this evening
High,recovery improving today
High,yes doctor this week
High,i will attend this week
High,yes doctor
High,i will visit soon
High,gums better soon
High,pain reduced today
High,i will follow instructions
High,i will follow treatment
High,confirmed next week
High,gums better
High,confirmed this week
High,recovery improving this evening
High,i will come today
High,yes doctor today
High,confirmed
High,i will come
High,i will follow instructions
High,okay doctor
High,alright doctor today
High,i will visit soon
High,recovery improving
High,i will book appointment
High,i will come tomorrow this evening
High,feeling better
High,i will come soon
High,gums better this evening
High,i will come today today
High,i will come tomorrow
High,absolutely tomorrow
High,i will book appointment soon
High,yes doctor
High,feeling better today
High,done
High,i will attend soon
High,absolutely soon
High,got it next week
High,i will schedule appointment
High,got it tomorrow
High,i will schedule appointment
High,of course
High,got it
High,recovery improving
High,medicine working
High,i will come this week next week
High,done soon
High,i will schedule appointment tomorrow
High,alright doctor
High,i will come tomorrow
High,pain reduced this evening
High,sure doctor next month
High,i will come this week
High,alright doctor
High,i will come this week
High,i understand
High,gums better soon
High,i will brush twice daily
High,yes doctor this week
High,i will come this week
High,got it
High,medicine working soon
High,i will brush twice daily
High,i will come tomorrow
High,swelling reduced
High,i will come today next month
High,medicine working soon
High,feeling better tomorrow
High,definitely next month
High,i will come this week
High,i will schedule appointment
High,confirmed
High,treatment helping
High,absolutely next week
High,i will come
High,i will attend today
High,i understand
High,i will come today today
High,i will follow treatment soon
High,i will follow instructions
High,bleeding reduced
High,i will follow instructions this week
High,i will be there tomorrow
High,medicine working this week
High,feeling better tomorrow
High,alright doctor next week
High,gums better this week
High,medicine working
High,i will use mouthwash
High,i will book appointment this evening
High,swelling reduced tomorrow
High,confirmed
High,okay doctor tomorrow
High,okay doctor today
High,i will use mouthwash tomorrow
High,i will visit
High,i will visit
High,i will take medicine next month
High,alright doctor tomorrow
High,i will come today
High,i will come next week
High,feeling better next month
High,i will use mouthwash today
High,i will follow instructions this evening
High,i will be there tomorrow
High,definitely soon
High,confirmed
High,i will use mouthwash
High,i will visit this week
High,i will take medicine
High,pain reduced next week
High,i will use mouthwash this evening
High,okay doctor today
High,feeling better
High,i will schedule appointment tomorrow
High,recovery improving this week
High,alright doctor
High,i will floss daily
High,see you tomorrow
High,of course this week
High,done soon
High,i will book appointment
High,treatment helping
High,i will use mouthwash
High,okay doctor this evening
High,i will use mouthwash
High,i understand today
High,i will follow instructions tomorrow
High,i will schedule appointment this evening
High,i will attend this evening
High,pain reduced
High,i will floss daily
High,i will come this week this evening
High,i will rinse mouth tomorrow
High,feeling better next month
High,yes doctor this evening
High,recovery improving
High,i will schedule appointment
High,i will visit
High,recovery improving today
High,i will follow instructions
High,pain reduced tomorrow
High,pain reduced
High,yes doctor today
High,swelling reduced next week
High,absolutely next month
High,i will arrive on time this evening
High,i will rinse mouth
High,alright doctor
High,i will come this week
High,i will visit soon
High,alright doctor
High,medicine working
High,absolutely
High,i will be there
High,i will visit
High,gums better
High,done
High,okay doctor
High,i will floss daily today
High,okay doctor next month
High,i will come tomorrow
High,got it
High,i will be there next month
High,recovery improving next month
High,i will follow treatment
High,pain reduced
High,recovery improving this week
High,feeling better tomorrow
High,sure doctor this evening
High,gums better
High,i will book appointment next month
High,sure doctor
High,pain reduced
High,i will visit
High,i will come this week next week
High,i understand
High,bleeding reduced
High,i will rinse mouth
High,i will arrive on time
High,yes doctor next month
High,definitely next month
High,i will follow instructions
High,i will come tomorrow next month
High,yes doctor this week
High,i will book appointment
High,see you tomorrow
High,absolutely
High,i will come tomorrow
High,swelling reduced this evening
High,see you tomorrow this week
High,i will attend
High,i will visit today
High,done
High,sure doctor this week
High,i will visit
High,i will come tomorrow
High,okay doctor
High,i will attend
High,i will book appointment
High,got it
High,i will follow treatment soon
High,medicine working tomorrow
High,i will come tomorrow
High,i will be there this week
High,recovery improving soon
High,i will come this week soon
High,i will come
High,bleeding reduced this week
High,i will arrive on time today
High,i will arrive on time next week
High,absolutely soon
High,i will floss daily
High,i will use mouthwash
High,absolutely
High,i will be there tomorrow
High,see you tomorrow
High,treatment helping
High,definitely next month
High,i will be there tomorrow
High,swelling reduced
High,done
High,i will come tomorrow today
High,treatment helping
High,i will brush twice daily tomorrow
High,i will use mouthwash
High,medicine working
High,bleeding reduced this week
High,i will schedule appointment this evening
High,i will floss daily today
High,i will come tomorrow
High,i will follow treatment tomorrow
High,i will follow treatment today
High,medicine working next week
High,i will schedule appointment
High,gums better soon
High,alright doctor next week
High,i will use mouthwash tomorrow
High,definitely
High,i will come
High,i will book appointment
High,swelling reduced today
High,of course this week
High,i will floss daily
High,of course
High,bleeding reduced
High,medicine working today
High,i will schedule appointment
High,confirmed
High,okay doctor next week
High,i will come
High,i will arrive on time
High,medicine working tomorrow
High,i will attend next month
High,see you tomorrow soon
High,gums better
High,recovery improving
High,sure doctor this evening
High,alright doctor soon
High,i will follow treatment next month
High,i will follow instructions
High,absolutely soon
High,yes doctor today
High,i will follow treatment tomorrow
High,i will attend
High,confirmed next month
High,feeling better today
High,gums better soon
High,i will take medicine
High,i will come
High,i will follow treatment
High,i will take medicine
High,confirmed
High,alright doctor
High,gums better
High,medicine working next month
High,i will rinse mouth
High,i understand next month
High,treatment helping
High,pain reduced
High,done tomorrow
High,done
High,i will rinse mouth next month
High,i will be there today
High,i will come today
High,i will brush twice daily soon
High,i will come
High,i will take medicine this week
High,i will follow treatment today
High,feeling better
High,i will come tomorrow tomorrow
High,i will attend today
High,feeling better
High,i will follow instructions today
High,okay doctor
High,i understand
High,i will floss daily next month
High,i will take medicine
High,i will come tomorrow this week
High,i will come today next month
High,pain reduced
High,feeling better next week
High,okay doctor next week
High,recovery improving
High,feeling better this week
High,i will follow instructions
High,i will take medicine next month
High,swelling reduced this week
High,gums better
High,i will come this week
High,gums better today
High,i will schedule appointment
High,i will floss daily
High,i will visit next week
High,i will brush twice daily
High,i will rinse mouth
High,i will take medicine
High,i will come today next week
High,recovery improving
High,see you tomorrow
High,feeling better
High,i understand
High,i will visit next week
High,of course this week
High,i will follow treatment
High,i will use mouthwash
High,i will come next week
High,definitely today
High,i will follow instructions
High,i will follow treatment this evening
High,i will take medicine today
High,of course
High,okay doctor
High,i will come tomorrow
High,i will arrive on time
High,gums better
High,recovery improving next month
High,i will book appointment
High,i will visit
High,of course today
High,got it
High,pain reduced
High,i will book appointment
High,i will floss daily this evening
High,i will come this week today
High,swelling reduced
High,i will book appointment
High,i will brush twice daily today
High,definitely next week
High,bleeding reduced today
High,i will arrive on time this evening
High,of course next month
High,definitely
High,i will schedule appointment
High,i will attend tomorrow
High,medicine working
High,i will use mouthwash today
High,gums better
High,i will take medicine next week
High,absolutely tomorrow
High,see you tomorrow soon
High,i will come
High,bleeding reduced
High,gums better tomorrow
High,medicine working
High,i will use mouthwash
High,i will visit this week
High,i will come next week
High,swelling reduced next month
High,definitely
High,i will be there
High,swelling reduced
High,i will follow treatment this week
High,yes doctor
High,recovery improving this week
High,i will rinse mouth soon
High,i will book appointment
High,see you tomorrow next month
High,definitely tomorrow
High,i will take medicine next month
High,i will come tomorrow next month
High,of course tomorrow
High,gums better
High,feeling better
High,treatment helping today
High,i will rinse mouth next month
High,done next week
High,treatment helping today
High,absolutely tomorrow
High,confirmed this week
High,i will use mouthwash soon
High,pain reduced this week
High,i will come today
High,i will attend
High,i will arrive on time
High,i understand
High,sure doctor next month
High,i will follow instructions
High,i will rinse mouth
High,got it
High,sure doctor
High,i will floss daily
High,i will follow treatment
High,confirmed
High,definitely
High,i will come today next month
High,alright doctor next week
High,swelling reduced soon
High,i understand
High,gums better this evening
High,alright doctor soon
High,definitely
High,i will come this week next month
High,gums better soon
High,gums better
High,i will schedule appointment next month
High,i will visit next month
High,i will come today soon
High,i will follow instructions
High,medicine working soon
High,done this evening
High,i will come today
High,i will come tomorrow tomorrow
High,i will follow treatment
High,i will arrive on time
High,pain reduced next week
High,i will come this week
High,i will rinse mouth
High,i will follow instructions this evening
High,feeling better tomorrow
High,i will come tomorrow
High,i will follow treatment
High,i will floss daily
High,i will schedule appointment
High,sure doctor
High,i will come today this week
High,i will come tomorrow next week
High,i will come
High,see you tomorrow tomorrow
High,i will arrive on time next month
High,i will follow instructions
High,pain reduced
High,okay doctor
High,i will take medicine
High,okay doctor
High,i will rinse mouth
High,of course next month
High,i will follow instructions this week
High,i will schedule appointment soon
High,pain reduced next month
High,i will attend
High,i will use mouthwash next month
High,see you tomorrow today
High,i will visit next month
High,okay doctor
High,okay doctor today
High,i will come tomorrow this week
High,i will use mouthwash
High,i will floss daily tomorrow
High,yes doctor
High,definitely soon
High,i will follow instructions this evening
High,feeling better next week
High,i will come this week next week
High,i will arrive on time
High,absolutely
High,got it next month
High,i will follow instructions soon
High,i will rinse mouth
High,yes doctor
High,see you tomorrow
High,absolutely
High,alright doctor
High,got it
High,gums better soon
High,i will follow treatment next month
High,i will follow instructions
High,of course this week
High,swelling reduced soon
High,i will follow instructions today
High,i will floss daily soon
High,done
High,okay doctor tomorrow
High,treatment helping
High,i will rinse mouth today
High,done
High,confirmed soon
High,see you tomorrow
High,i will follow treatment next month
High,i will rinse mouth
High,i understand next week
High,medicine working tomorrow
High,see you tomorrow
High,alright doctor
High,i will come
High,yes doctor tomorrow
High,i will floss daily
High,i will come today today
High,pain reduced today
High,definitely next week
High,confirmed
High,i will come
High,see you tomorrow soon
High,yes doctor
High,i will take medicine this evening
High,sure doctor
High,i will visit
High,got it
High,got it next week
High,got it
High,i will arrive on time this evening
High,i will rinse mouth today
High,i will come this evening
High,i will schedule appointment
High,i will schedule appointment this week
High,i understand
High,sure doctor
High,of course next week
High,i will take medicine
High,i will be there this week
High,i will arrive on time
High,medicine working next week
High,i will come
High,gums better soon
High,yes doctor
High,i will use mouthwash tomorrow
High,i will be there
High,i will rinse mouth
High,pain reduced
High,i will visit tomorrow
High,see you tomorrow
High,pain reduced
High,i will come today
High,i will come tomorrow
High,feeling better
High,i will book appointment
High,recovery improving soon
High,i will come today
High,of course
High,i will floss daily today
High,swelling reduced this evening
High,i will use mouthwash
High,i will follow instructions today
High,gums better next month
High,i will book appointment next week
High,i will attend
High,i will come today
High,i will attend
High,i will come tomorrow
High,see you tomorrow next week
High,i will come tomorrow
High,pain reduced this evening
High,see you tomorrow next month
High,treatment helping this evening
High,i will visit
High,medicine working today
High,i will follow instructions
High,i will come today
High,recovery improving this week
High,i will brush twice daily
High,i understand this week
High,i will use mouthwash this week
High,i will come tomorrow
High,i will come tomorrow
High,i will attend
High,gums better
High,recovery improving next week
High,gums better this week
High,i will attend next month
High,of course
High,i will come today soon
High,of course tomorrow
High,pain reduced next week
High,i will visit
High,i understand
High,i will take medicine
High,i will come today soon
High,got it
High,i will come tomorrow soon
High,definitely soon
High,i will rinse mouth next month
High,i will schedule appointment
High,i will be there this week
High,i will come this week
High,treatment helping this evening
High,i will come soon
High,i will take medicine today
High,i will come today this evening
High,i will rinse mouth
High,i will follow treatment this evening
High,of course next month
High,bleeding reduced next week
High,swelling reduced
High,confirmed soon
High,i will arrive on time today
High,i will come this week
High,yes doctor
High,gums better
High,bleeding reduced
High,pain reduced
High,i will follow treatment next week
High,absolutely this evening
High,absolutely
High,got it today
High,i will come today
High,i will brush twice daily
High,bleeding reduced soon
High,medicine working
High,i understand
High,i will brush twice daily this evening
High,i will come today this evening
High,i will attend
High,got it next week
High,see you tomorrow
High,definitely
High,medicine working next month
High,gums better
High,okay doctor
High,i understand
High,bleeding reduced
High,i will floss daily
High,yes doctor
High,treatment helping
High,recovery improving
High,i will come
High,i will arrive on time soon
High,i will take medicine tomorrow
High,confirmed
High,definitely
High,medicine working
High,got it tomorrow
High,definitely tomorrow
High,i will take medicine next week
High,i will come
High,i will come this week tomorrow
High,i will attend today
High,i will follow treatment tomorrow
High,i will be there next week
High,absolutely
High,i will attend this week
High,alright doctor next month
High,i will visit soon
High,absolutely next month
High,i will follow instructions
High,i will come today tomorrow
High,done
High,alright doctor next month
High,alright doctor today
High,pain reduced
High,sure doctor
High,i will come tomorrow soon
High,i will rinse mouth this week
High,i will floss daily
High,i will use mouthwash
High,feeling better
High,i will floss daily soon
High,feeling better
High,recovery improving next month
High,got it next month
High,gums better next week
High,swelling reduced
High,i understand
High,i will follow treatment
High,feeling better today
High,of course next month
High,i will arrive on time next month
High,i will arrive on time today
High,pain reduced
High,i will follow instructions
High,absolutely today
High,i understand
High,done
High,i will come soon
High,i will book appointment
High,i will use mouthwash tomorrow
High,i will schedule appointment this week
High,done
High,yes doctor
High,i will come tomorrow
High,yes doctor
High,bleeding reduced next month
High,i will brush twice daily
High,i will brush twice daily this week
High,treatment helping today
High,swelling reduced
High,i will use mouthwash
High,feeling better
High,recovery improving
High,i will take medicine tomorrow
High,okay doctor tomorrow
High,gums better this week
High,yes doctor soon
High,swelling reduced next week
High,feeling better this evening
High,got it
High,i will visit
High,medicine working tomorrow
High,i will come today tomorrow
High,medicine working
High,i will brush twice daily this week
High,i will attend
High,of course
High,i will take medicine next month
High,i will floss daily
High,i will follow instructions next week
High,i will floss daily this evening
High,i will follow instructions this week
High,i will attend this evening
High,i will visit next week
High,gums better
High,i will come this week
High,i will come this week
High,pain reduced
High,i will follow instructions next week
High,i will book appointment next month
High,done soon
High,done
High,i will use mouthwash tomorrow
High,okay doctor
High,i will floss daily
High,i will come today
High,i will follow treatment
High,i will use mouthwash this week
High,i will come
High,i will follow instructions this week
High,see you tomorrow
High,i will book appointment this evening
High,confirmed
High,i will visit tomorrow
High,see you tomorrow
High,done
High,got it
High,i will floss daily
High,pain reduced tomorrow
High,swelling reduced
High,confirmed
High,definitely
High,i will take medicine next month
High,i understand soon
High,of course
High,i will come next week
High,i will arrive on time tomorrow
High,i will schedule appointment
High,got it
High,i will come tomorrow next week
High,i will visit this week
High,absolutely
High,i will come this week next week
High,i will floss daily
High,i will arrive on time this evening
High,i will brush twice daily
High,i will come today
High,of course
High,recovery improving next month
High,see you tomorrow next month
High,i will come this week
High,i will attend
High,okay doctor soon
High,i will schedule appointment this evening
High,i will use mouthwash this evening
High,i will attend soon
High,see you tomorrow
High,done
High,of course
High,i will follow instructions
High,i understand next month
High,yes doctor soon
High,recovery improving this week
High,i will floss daily
High,recovery improving next month
High,recovery improving
High,i will floss daily this week
High,i will be there this evening
High,i will brush twice daily
High,i will take medicine
High,i will come next month
High,i will use mouthwash
High,medicine working
High,i will book appointment
High,i will follow instructions tomorrow
High,i will come this week soon
High,absolutely
High,swelling reduced tomorrow
High,i will take medicine tomorrow
High,i will arrive on time today
High,i will take medicine
High,swelling reduced
High,i will come
High,of course
High,confirmed
High,yes doctor
High,i will schedule appointment
High,i will come today
High,pain reduced today
High,i understand this evening
High,medicine working today
High,feeling better
High,treatment helping today
High,gums better
High,bleeding reduced
High,absolutely
High,okay doctor soon
High,alright doctor
High,i will follow instructions
High,bleeding reduced this evening
High,medicine working tomorrow
High,i will follow treatment
High,i will follow instructions soon
High,got it
High,i will come tomorrow
High,see you tomorrow soon
High,pain reduced soon
High,i will come this week
High,treatment helping
High,got it
High,confirmed tomorrow
High,of course tomorrow
High,i will follow treatment
High,i will follow treatment next week
High,i will come this week next month
High,i will come this week tomorrow
High,swelling reduced this week
High,i will be there soon
High,definitely today
High,i will book appointment
High,i will follow instructions
High,confirmed
High,swelling reduced
High,i will visit
High,i will follow treatment
High,i will attend next month
High,absolutely
High,yes doctor next month
High,confirmed next month
High,swelling reduced
High,feeling better
High,i will rinse mouth this week
High,i will come tomorrow
High,i will follow instructions soon
High,i will attend
High,i will take medicine this week
High,i will come this week this evening
High,pain reduced tomorrow
High,i will come
High,pain reduced
High,i understand this evening
High,i will come this week soon
High,i will be there today
High,i will use mouthwash
High,absolutely soon
High,i will follow instructions tomorrow
High,absolutely
High,got it
High,i will rinse mouth next month
High,yes doctor tomorrow
High,bleeding reduced this evening
High,confirmed
High,treatment helping tomorrow
High,i will floss daily
High,i understand next month
High,i will follow instructions
High,i will come tomorrow
High,alright doctor next week
High,done
High,i will come tomorrow soon
High,i will come tomorrow
High,done today
High,treatment helping this evening
High,i will arrive on time next month
High,feeling better next week
High,i will floss daily
High,confirmed next month
High,swelling reduced
High,i will arrive on time
High,swelling reduced
High,i will come tomorrow
High,i will visit
High,i will take medicine
High,feeling better this evening
High,okay doctor next month
High,i will floss daily
High,absolutely
High,i will come tomorrow soon
High,pain reduced
High,alright doctor today
High,i will arrive on time soon
High,i will be there next month
High,i will follow instructions next month
High,see you tomorrow
High,i will be there
High,i will schedule appointment
High,confirmed soon
High,i will book appointment
High,i will follow instructions
High,i will follow treatment next month
High,pain reduced this week
High,absolutely
High,confirmed
High,i will brush twice daily
High,swelling reduced tomorrow
High,i will follow treatment this week
High,alright doctor
High,i will come today
High,i will brush twice daily next month
High,i will visit this evening
High,yes doctor tomorrow
High,i will be there this evening
High,i will use mouthwash
High,i will follow treatment this evening
High,gums better this evening
High,sure doctor
High,i understand tomorrow
High,i will come today this evening
High,okay doctor
High,i will come today next week
High,of course this week
High,i will follow instructions next month
High,got it
High,i will floss daily soon
High,gums better
High,got it
High,i will come this week
High,i understand next month
High,got it
High,i will brush twice daily this week
High,definitely
High,sure doctor
High,of course
High,i will schedule appointment
High,feeling better today
High,i will book appointment
High,medicine working
High,recovery improving next month
High,okay doctor today
Medium,small discomfort
Medium,depends on work next week
Medium,i think
Medium,depends on work this evening
Medium,i will try next week
Medium,i will confirm later
Medium,maybe later
Medium,let me think next week
Medium,i will see if possible
Medium,i guess
Medium,i will try soon
Medium,i might come next month
Medium,i will try later next week
Medium,i will try later
Medium,i will see if possible next week
Medium,probably
Medium,i will try next week next month
Medium,pain sometimes next week
Medium,depends on work
Medium,small discomfort tomorrow
Medium,maybe
Medium,i will check soon
Medium,i will try to come this week
Medium,probably
Medium,depends on work
Medium,i guess today
Medium,i will confirm later tomorrow
Medium,pain sometimes
Medium,i will try later this evening
Medium,small discomfort tomorrow
Medium,i will try next month
Medium,i will see if possible next month
Medium,i will try this evening
Medium,mild swelling
Medium,depends on work next week
Medium,i will check schedule
Medium,i will try
Medium,let me see this week
Medium,moderate pain
Medium,possibly
Medium,i will try next week soon
Medium,let me think
Medium,depends on work
Medium,i will check
Medium,let me think
Medium,let me see
Medium,i will check schedule
Medium,i will try next week today
Medium,i will confirm later
Medium,i will try next week
Medium,mild swelling next month
Medium,maybe later
Medium,pain sometimes
Medium,i will check schedule
Medium,i will try later tomorrow
Medium,let me see
Medium,i will try to come this evening
Medium,maybe next month
Medium,i will try next week
Medium,possibly
Medium,i will try later
Medium,i think
Medium,i will update later
Medium,maybe
Medium,maybe tomorrow
Medium,let me see next week
Medium,not sure
Medium,pain sometimes today
Medium,i will check schedule
Medium,i will confirm later
Medium,moderate pain this week
Medium,probably
Medium,possibly
Medium,possibly next week
Medium,i will check
Medium,i will update later
Medium,possibly
Medium,possibly
Medium,i will try next week this week
Medium,occasional pain next month
Medium,possibly soon
Medium,i think next month
Medium,maybe next week
Medium,let me think
Medium,maybe later next month
Medium,i will try later
Medium,i will see if possible
Medium,i guess
Medium,not sure next week
Medium,possibly
Medium,let me see this week
Medium,i might come
Medium,maybe tomorrow next month
Medium,maybe this evening
Medium,maybe later
Medium,occasional pain tomorrow
Medium,i will check next week
Medium,moderate pain
Medium,i will check
Medium,small discomfort this week
Medium,maybe later
Medium,i guess
Medium,maybe later soon
Medium,i will check today
Medium,depends on work
Medium,i will try to come soon
Medium,let me see next week
Medium,i guess
Medium,occasional pain next month
Medium,i might come this week
Medium,i will check schedule this evening
Medium,maybe tomorrow
Medium,i will try to come this evening
Medium,small discomfort
Medium,i will try next week
Medium,i will check schedule soon
Medium,depends on work
Medium,maybe
Medium,maybe
Medium,let me think today
Medium,maybe later next month
Medium,i think
Medium,i might come today
Medium,i will update later
Medium,small discomfort tomorrow
Medium,possibly
Medium,small discomfort next month
Medium,i guess next week
Medium,let me think tomorrow
Medium,i will update later this week
Medium,i will update later this evening
Medium,maybe later
Medium,i might come
Medium,not sure
Medium,maybe tomorrow this evening
Medium,let me think
Medium,maybe later today
Medium,probably
Medium,i will try later today
Medium,i will see if possible tomorrow
Medium,moderate pain next month
Medium,maybe later
Medium,maybe soon
Medium,i will try tomorrow
Medium,i will try later
Medium,moderate pain this evening
Medium,maybe later
Medium,let me think
Medium,not sure today
Medium,i will try next week this week
Medium,pain sometimes
Medium,pain sometimes
Medium,i will try today
Medium,possibly next month
Medium,i will try later soon
Medium,i think tomorrow
Medium,maybe next week tomorrow
Medium,i will try
Medium,not sure
Medium,i will try next week
Medium,i will try next week this week
Medium,i think next month
Medium,depends on work
Medium,not sure today
Medium,not sure today
Medium,maybe
Medium,small discomfort today
Medium,pain sometimes soon
Medium,depends on work
Medium,i will try later next month
Medium,i think this evening
Medium,i will check tomorrow
Medium,occasional pain
Medium,maybe soon
Medium,maybe next week
Medium,i might come this week
Medium,small discomfort
Medium,small discomfort
Medium,small discomfort
Medium,let me see
Medium,maybe
Medium,pain sometimes
Medium,i will try next week this evening
Medium,possibly tomorrow
Medium,occasional pain
Medium,probably
Medium,i will try soon
Medium,possibly
Medium,i will try next week today
Medium,small discomfort
Medium,i will confirm later next week
Medium,i will check
Medium,i guess tomorrow
Medium,i will try next week
Medium,i guess
Medium,i might come
Medium,occasional pain
Medium,i will update later today
Medium,i will try later
Medium,i will try
Medium,moderate pain today
Medium,i will confirm later
Medium,maybe later
Medium,maybe next month
Medium,probably next month
Medium,i will confirm later
Medium,maybe next week
Medium,i will confirm later soon
Medium,i will try next week
Medium,i will check schedule next month
Medium,moderate pain this week
Medium,not sure
Medium,i will confirm later
Medium,maybe later
Medium,moderate pain soon
Medium,i will try
Medium,depends on work
Medium,depends on work
Medium,maybe this week
Medium,maybe later tomorrow
Medium,maybe next week
Medium,i will try today
Medium,i will try next week
Medium,i will confirm later this week
Medium,probably today
Medium,maybe next week this week
Medium,i will see if possible
Medium,i will try later
Medium,i guess next week
Medium,occasional pain
Medium,mild swelling
Medium,i will try next week next week
Medium,i guess next week
Medium,depends on work
Medium,i will try next month
Medium,i will check soon
Medium,i will see if possible this evening
Medium,small discomfort soon
Medium,probably
Medium,not sure today
Medium,let me think
Medium,i guess this week
Medium,pain sometimes next month
Medium,i guess
Medium,i will check schedule
Medium,possibly
Medium,maybe next week next month
Medium,small discomfort
Medium,mild swelling soon
Medium,small discomfort
Medium,i will confirm later soon
Medium,small discomfort
Medium,i might come next month
Medium,let me see
Medium,i might come
Medium,i will check
Medium,maybe next week this evening
Medium,i think
Medium,not sure tomorrow
Medium,depends on work soon
Medium,pain sometimes
Medium,depends on work soon
Medium,i will see if possible today
Medium,i might come
Medium,depends on work
Medium,i will update later
Medium,small discomfort today
Medium,mild swelling soon
Medium,i will see if possible this week
Medium,let me see soon
Medium,let me think
Medium,i might come
Medium,maybe later
Medium,i will confirm later
Medium,not sure
Medium,mild swelling
Medium,maybe
Medium,moderate pain tomorrow
Medium,let me see
Medium,i will see if possible this week
Medium,maybe later next month
Medium,i guess next month
Medium,i will try next week
Medium,mild swelling
Medium,i might come
Medium,i think
Medium,maybe later this evening
Medium,i will try later soon
Medium,probably
Medium,occasional pain
Medium,maybe tomorrow
Medium,mild swelling next week
Medium,maybe later tomorrow
Medium,let me see today
Medium,maybe next week soon
Medium,depends on work this week
Medium,maybe next week
Medium,i guess
Medium,occasional pain
Medium,moderate pain
Medium,i think
Medium,occasional pain next month
Medium,depends on work next month
Medium,i will check next month
Medium,occasional pain next week
Medium,maybe tomorrow soon
Medium,i will confirm later today
Medium,i will confirm later tomorrow
Medium,pain sometimes this week
Medium,depends on work this week
Medium,not sure
Medium,maybe next week
Medium,let me see this evening
Medium,i guess
Medium,i will update later
Medium,i will try next week
Medium,i will check
Medium,depends on work next week
Medium,maybe tomorrow next month
Medium,i will check schedule
Medium,pain sometimes this week
Medium,let me see next week
Medium,i might come
Medium,moderate pain this week
Medium,i will update later tomorrow
Medium,i will try to come today
Medium,possibly
Medium,i think this evening
Medium,probably
Medium,pain sometimes
Medium,pain sometimes this week
Medium,i think this evening
Medium,maybe next week
Medium,i will update later
Medium,maybe tomorrow
Medium,depends on work
Medium,maybe later this week
Medium,i will try to come
Medium,i will try next week
Medium,i will check
Medium,maybe next week
Medium,i might come
Medium,possibly
Medium,i will try to come today
Medium,occasional pain next week
Medium,i think
Medium,probably soon
Medium,i will try later
Medium,probably this evening
Medium,let me think
Medium,let me see
Medium,i think
Medium,occasional pain
Medium,mild swelling soon
Medium,i will see if possible soon
Medium,not sure
Medium,i will try next week
Medium,let me think
Medium,i will see if possible soon
Medium,occasional pain soon
Medium,i will confirm later
Medium,i might come
Medium,i will see if possible
Medium,pain sometimes next month
Medium,mild swelling this evening
Medium,let me see this evening
Medium,maybe tomorrow this week
Medium,i will update later today
Medium,i will try next week soon
Medium,i will check
Medium,possibly soon
Medium,i will check schedule
Medium,moderate pain next month
Medium,moderate pain
Medium,i will try later today
Medium,i will see if possible this week
Medium,i will try
Medium,moderate pain
Medium,maybe this evening
Medium,i think
Medium,pain sometimes
Medium,i will try today
Medium,let me see today
Medium,maybe soon
Medium,i will try next week next week
Medium,possibly
Medium,let me see soon
Medium,not sure this week
Medium,pain sometimes next month
Medium,occasional pain next week
Medium,moderate pain next month
Medium,i will check
Medium,maybe later
Medium,i will confirm later
Medium,i will check this evening
Medium,let me think this evening
Medium,mild swelling
Medium,i guess soon
Medium,i will try to come this week
Medium,maybe tomorrow
Medium,moderate pain
Medium,probably next week
Medium,not sure soon
Medium,i will check next month
Medium,i will confirm later
Medium,i will update later next month
Medium,i will see if possible
Medium,probably today
Medium,i might come
Medium,maybe tomorrow
Medium,i will see if possible this week
Medium,i will try next week soon
Medium,maybe next week
Medium,let me think soon
Medium,i guess
Medium,maybe next week soon
Medium,i guess next month
Medium,i will try later
Medium,i think tomorrow
Medium,i will try later today
Medium,i think
Medium,maybe next week
Medium,let me see
Medium,i might come today
Medium,i will try later this evening
Medium,i might come
Medium,i will try later
Medium,maybe tomorrow this evening
Medium,small discomfort
Medium,maybe
Medium,i think this week
Medium,maybe this week
Medium,i think
Medium,let me see next week
Medium,not sure
Medium,i will try later next month
Medium,i might come
Medium,mild swelling
Medium,depends on work next month
Medium,maybe
Medium,maybe next week today
Medium,i guess
Medium,maybe tomorrow soon
Medium,i will check schedule
Medium,i will try next week this evening
Medium,maybe later
Medium,i might come
Medium,i might come next month
Medium,maybe later this evening
Medium,pain sometimes tomorrow
Medium,maybe tomorrow
Medium,small discomfort
Medium,i will try to come this week
Medium,probably
Medium,depends on work next week
Medium,i will check schedule next week
Medium,i will see if possible
Medium,depends on work this evening
Medium,i will try to come
Medium,occasional pain tomorrow
Medium,pain sometimes
Medium,maybe next week
Medium,i will check schedule
Medium,occasional pain
Medium,i will try soon
Medium,let me see
Medium,i will check
Medium,maybe soon
Medium,possibly next month
Medium,i think next week
Medium,mild swelling
Medium,i think next week
Medium,maybe later
Medium,let me think next month
Medium,i will check schedule next week
Medium,let me see next month
Medium,maybe tomorrow soon
Medium,let me think next month
Medium,i will check schedule tomorrow
Medium,pain sometimes this week
Medium,occasional pain this evening
Medium,i will try to come
Medium,i will check schedule
Medium,i will see if possible this week
Medium,pain sometimes
Medium,let me think next month
Medium,i will try
Medium,i will see if possible
Medium,i guess tomorrow
Medium,i guess
Medium,small discomfort this evening
Medium,mild swelling this week
Medium,i will check schedule this evening
Medium,possibly this week
Medium,possibly
Medium,i will try
Medium,not sure next month
Medium,i will try later next month
Medium,i will check schedule soon
Medium,i guess today
Medium,i will check tomorrow
Medium,i will check this evening
Medium,i will check
Medium,moderate pain next week
Medium,maybe tomorrow
Medium,maybe
Medium,let me see
Medium,i think next month
Medium,i will check schedule next month
Medium,maybe
Medium,i will confirm later today
Medium,maybe
Medium,not sure tomorrow
Medium,small discomfort
Medium,moderate pain soon
Medium,i think
Medium,not sure
Medium,moderate pain
Medium,i will confirm later
Medium,i will check soon
Medium,i will try to come
Medium,i will try next week next week
Medium,moderate pain
Medium,i will confirm later
Medium,not sure this week
Medium,pain sometimes
Medium,i will see if possible this week
Medium,let me see
Medium,maybe this evening
Medium,let me see
Medium,i will try to come soon
Medium,i might come this evening
Medium,i think
Medium,let me think this evening
Medium,i think this week
Medium,let me see
Medium,not sure
Medium,pain sometimes this evening
Medium,i will update later this week
Medium,i will try next week today
Medium,not sure
Medium,small discomfort
Medium,i will try next week
Medium,i might come
Medium,i will confirm later
Medium,occasional pain
Medium,i will try
Medium,mild swelling this week
Medium,let me think
Medium,let me see
Medium,i will update later this evening
Medium,i will try today
Medium,maybe this evening
Medium,small discomfort this week
Medium,i will see if possible this week
Medium,let me see
Medium,i will try to come tomorrow
Medium,not sure
Medium,let me think
Medium,small discomfort next week
Medium,i will try next week this evening
Medium,possibly
Medium,possibly this week
Medium,i will try later today
Medium,not sure
Medium,occasional pain next week
Medium,moderate pain next week
Medium,i guess next month
Medium,i will see if possible
Medium,i will try to come this week
Medium,pain sometimes tomorrow
Medium,i will check schedule
Medium,let me see
Medium,i will try later
Medium,i will check today
Medium,maybe
Medium,maybe tomorrow
Medium,i will see if possible today
Medium,i guess tomorrow
Medium,depends on work this evening
Medium,not sure this week
Medium,i will try soon
Medium,possibly tomorrow
Medium,moderate pain
Medium,probably this week
Medium,i think
Medium,i will update later
Medium,mild swelling next month
Medium,small discomfort next week
Medium,i will confirm later next week
Medium,i will check soon
Medium,i will try next week
Medium,maybe tomorrow
Medium,i will confirm later
Medium,i will try this week
Medium,let me see tomorrow
Medium,small discomfort this evening
Medium,i will check schedule
Medium,maybe next week
Medium,moderate pain
Medium,i might come
Medium,mild swelling this evening
Medium,i will check next week
Medium,maybe next month
Medium,i will see if possible
Medium,moderate pain this evening
Medium,maybe next week
Medium,small discomfort
Medium,let me think next week
Medium,small discomfort next week
Medium,pain sometimes next week
Medium,i will try next week tomorrow
Medium,pain sometimes
Medium,mild swelling
Medium,i will try next week next month
Medium,not sure
Medium,not sure
Medium,i will update later
Medium,pain sometimes
Medium,maybe tomorrow
Medium,i guess this evening
Medium,let me think this week
Medium,i might come soon
Medium,i will check next month
Medium,maybe later today
Medium,i will confirm later this evening
Medium,not sure this evening
Medium,i will confirm later this week
Medium,depends on work this evening
Medium,let me see
Medium,i guess
Medium,let me see soon
Medium,i will try
Medium,maybe
Medium,i will try later this week
Medium,mild swelling
Medium,i will try next week today
Medium,i will update later today
Medium,i will check schedule
Medium,i guess next month
Medium,i will confirm later this week
Medium,i guess
Medium,i might come next week
Medium,i will try next week
Medium,maybe tomorrow tomorrow
Medium,depends on work
Medium,i might come this evening
Medium,i will try today
Medium,i guess this evening
Medium,i will update later
Medium,i guess
Medium,occasional pain
Medium,occasional pain
Medium,pain sometimes
Medium,probably soon
Medium,not sure
Medium,i will try later
Medium,possibly
Medium,mild swelling
Medium,i will confirm later
Medium,i will try later this evening
Medium,mild swelling this week
Medium,i will confirm later today
Medium,occasional pain tomorrow
Medium,depends on work soon
Medium,maybe tomorrow
Medium,maybe tomorrow
Medium,i will confirm later tomorrow
Medium,i will try next week
Medium,i might come
Medium,i will update later
Medium,maybe
Medium,i will check schedule
Medium,i will try this evening
Medium,i will confirm later
Medium,mild swelling next week
Medium,maybe next week this evening
Medium,i will confirm later this week
Medium,maybe next week today
Medium,mild swelling
Medium,pain sometimes
Medium,let me think next week
Medium,depends on work
Medium,small discomfort
Medium,not sure
Medium,possibly
Medium,small discomfort
Medium,pain sometimes tomorrow
Medium,pain sometimes this week
Medium,i will check schedule next week
Medium,occasional pain
Medium,i will update later
Medium,i will see if possible today
Medium,let me see
Medium,i will try to come
Medium,possibly
Medium,i think next week
Medium,probably this week
Medium,i will see if possible tomorrow
Medium,i will try later
Medium,i will confirm later today
Medium,not sure
Medium,i will confirm later today
Medium,i will update later next month
Medium,occasional pain this evening
Medium,i will see if possible this evening
Medium,i will try
Medium,maybe
Medium,i will confirm later
Medium,i will try this week
Medium,i will try to come tomorrow
Medium,mild swelling soon
Medium,i will try to come
Medium,possibly next month
Medium,i think soon
Medium,i will try next week
Medium,i think next week
Medium,i will see if possible
Medium,i will try to come this week
Medium,i will update later
Medium,i will try
Medium,i guess tomorrow
Medium,small discomfort
Medium,i might come next month
Medium,i will try tomorrow
Medium,small discomfort
Medium,i will check tomorrow
Medium,probably
Medium,moderate pain next week
Medium,maybe soon
Medium,small discomfort soon
Medium,i guess this evening
Medium,moderate pain
Medium,not sure
Medium,maybe later next month
Medium,pain sometimes
Medium,occasional pain
Medium,moderate pain this week
Medium,moderate pain
Medium,let me think
Medium,i will check schedule
Medium,depends on work next month
Medium,i will try next week
Medium,i will see if possible next month
Medium,i guess this evening
Medium,maybe later this week
Medium,i will update later next week
Medium,not sure
Medium,maybe later soon
Medium,i think this evening
Medium,pain sometimes today
Medium,probably
Medium,maybe later
Medium,i will check schedule this week
Medium,i guess tomorrow
Medium,small discomfort soon
Medium,pain sometimes soon
Medium,i will try to come
Medium,i guess today
Medium,moderate pain next month
Medium,pain sometimes
Medium,maybe
Medium,i will see if possible this evening
Medium,i will see if possible
Medium,i will check schedule this evening
Medium,depends on work
Medium,occasional pain
Medium,i will try to come tomorrow
Medium,moderate pain soon
Medium,i will check schedule today
Medium,maybe tomorrow
Medium,let me see today
Medium,i will update later this evening
Medium,i guess
Medium,i will confirm later
Medium,i will try next week this evening
Medium,maybe tomorrow
Medium,let me think
Medium,i will try later next week
Medium,maybe
Medium,i will confirm later soon
Medium,small discomfort
Medium,i guess
Medium,i guess next week
Medium,probably
Medium,probably
Medium,i guess
Medium,maybe next week
Medium,i will try today
Medium,i might come
Medium,not sure this week
Medium,not sure tomorrow
Medium,maybe next week this week
Medium,pain sometimes
Medium,depends on work
Medium,i will check schedule
Medium,moderate pain
Medium,i will confirm later today
Medium,i will try to come
Medium,depends on work
Medium,i will see if possible next week
Medium,let me see this week
Medium,depends on work tomorrow
Medium,i think this evening
Medium,probably
Medium,moderate pain today
Medium,maybe later soon
Medium,not sure next week
Medium,maybe next week this evening
Medium,maybe tomorrow
Medium,i guess next week
Medium,possibly tomorrow
Medium,i might come this week
Medium,depends on work
Medium,depends on work next month
Medium,maybe later
Medium,probably
Medium,i will check schedule this week
Medium,i will try to come
Medium,moderate pain soon
Medium,maybe tomorrow
Medium,maybe tomorrow today
Medium,small discomfort
Medium,i will try later this evening
Medium,i will check schedule next week
Medium,maybe tomorrow
Medium,i think
Medium,i will see if possible
Medium,let me think this week
Medium,probably
Medium,probably
Medium,probably
Medium,probably tomorrow
Medium,i will try soon
Medium,i will try next week soon
Medium,probably
Medium,maybe
Medium,i think this evening
Medium,maybe
Medium,mild swelling soon
Medium,i might come next week
Medium,small discomfort next month
Medium,mild swelling
Medium,probably
Medium,i will try tomorrow
Medium,probably
Medium,maybe later
Medium,i will try to come
Medium,pain sometimes tomorrow
Medium,not sure
Medium,i will check next week
Medium,not sure
Medium,probably today
Medium,i will see if possible
Medium,mild swelling
Medium,i will check
Medium,i will check schedule soon
Medium,let me see
Medium,i think
Medium,depends on work next week
Medium,moderate pain this evening
Medium,possibly
Medium,i will see if possible tomorrow
Medium,possibly
Medium,i will try later soon
Medium,occasional pain
Medium,not sure
Medium,depends on work this evening
Medium,let me see next week
Medium,i will check
Medium,maybe tomorrow
Medium,i will see if possible
Medium,i will see if possible tomorrow
Medium,not sure
Medium,i will try to come
Medium,i might come tomorrow
Medium,moderate pain
Medium,i will see if possible
Medium,i will update later
Medium,not sure this week
Medium,i will confirm later today
Medium,pain sometimes tomorrow
Medium,i will check
Medium,i will try later tomorrow
Medium,small discomfort
Medium,maybe tomorrow this evening
Medium,i will confirm later
Medium,maybe next week
Medium,i will try next week
Medium,small discomfort next month
Medium,depends on work tomorrow
Medium,i will confirm later
Medium,maybe later this week
Medium,small discomfort next week
Medium,i will check schedule
Medium,i might come
Medium,not sure next week
Medium,i will try next week this evening
Medium,depends on work next week
Medium,i will update later next week
Medium,let me think this evening
Medium,i will check
Medium,i guess
Medium,maybe next week
Medium,i will update later
Medium,i will see if possible
Medium,i will try later this evening
Medium,moderate pain this evening
Medium,i will check
Medium,moderate pain this evening
Medium,maybe later
Medium,small discomfort
Medium,let me see this evening
Medium,i will update later tomorrow
Medium,moderate pain
Medium,probably
Medium,i might come
Medium,i will check schedule tomorrow
Medium,probably soon
Medium,i will confirm later next week
Medium,pain sometimes next month
Medium,pain sometimes this week
Medium,maybe tomorrow next week
Medium,let me see
Medium,i will confirm later
Medium,possibly this week
Medium,i will try later
Medium,small discomfort this week
Medium,probably next week
Medium,let me think next week
Medium,mild swelling
Medium,maybe later today
Medium,moderate pain next month
Medium,maybe
Medium,maybe tomorrow next month
Medium,i will try to come
Medium,i might come
Medium,depends on work this evening
Medium,maybe this evening
Medium,let me see this week
Medium,i guess
Medium,maybe next week
Medium,depends on work
Medium,mild swelling
Medium,i will try later
Medium,i will try later
Medium,i will confirm later
Medium,i think
Medium,maybe next week
Medium,maybe today
Medium,i will see if possible
Medium,let me think
Medium,mild swelling
Medium,probably today
Medium,i guess this evening
Medium,i will try to come
Medium,mild swelling tomorrow
Medium,i will confirm later
Medium,maybe next week next week
Medium,i will try to come
Medium,i will check today
Medium,i guess
Medium,occasional pain today
Medium,i guess
Medium,i will check next week
Medium,probably next month
Medium,i will try to come next week
Medium,let me see
Medium,i will see if possible this week
Medium,i will check today
Medium,mild swelling
Medium,moderate pain
Medium,possibly today
Medium,possibly this week
Medium,i might come next week
Medium,i will check next week
Medium,let me think
Medium,small discomfort
Medium,i guess next week
Medium,i will try later next month
Medium,i guess soon
Medium,i will confirm later
Medium,not sure
Medium,not sure
Medium,let me see next month
Medium,i think tomorrow
Medium,moderate pain
Medium,i guess
Medium,i will see if possible
Medium,let me see
Medium,maybe soon
Medium,i might come
Medium,i might come soon
Medium,i will see if possible
Medium,i will update later soon
Medium,small discomfort
Medium,not sure
Medium,i guess
Medium,i will check today
Medium,i will check
Low,i dont want treatment this week
Low,i will avoid treatment
Low,cannot come next week
Low,afraid of treatment next week
Low,i dont want treatment
Low,i am busy
Low,too busy
Low,i will skip appointment
Low,afraid of treatment
Low,medicine not working
Low,i will come later
Low,i will cancel tomorrow
Low,cannot come tomorrow
Low,not possible
Low,i will come later tomorrow
Low,i will cancel
Low,i will not come today
Low,i cannot visit
Low,i will postpone today
Low,i will cancel
Low,dental anxiety today
Low,not now
Low,i dont want root canal tomorrow
Low,i will avoid treatment this week
Low,i dont want root canal tomorrow
Low,treatment too painful this evening
Low,i will not come
Low,scared of dentist next month
Low,no time this evening
Low,afraid of treatment
Low,i dont want root canal this evening
Low,not now soon
Low,no doctor
Low,treatment too painful
Low,maybe some other time this evening
Low,i will not come tomorrow
Low,i will cancel tomorrow
Low,not now
Low,maybe some other time
Low,medicine not working
Low,no time
Low,i will postpone next month
Low,i am busy today
Low,i dont want extraction
Low,dental fear next month
Low,not now
Low,afraid of treatment today
Low,i dont want treatment
Low,i dont want extraction
Low,not possible
Low,i am busy
Low,i will not come
Low,cannot come
Low,i cannot visit tomorrow
Low,cannot come
Low,i dont want extraction this week
Low,i am busy
Low,dental fear tomorrow
Low,no time
Low,i dont want treatment
Low,i will not come next week
Low,treatment too painful
Low,i will postpone next month
Low,no time
Low,i am busy
Low,dental anxiety
Low,i cannot visit
Low,i will avoid treatment
Low,i stopped medicine
Low,i stopped medicine today
Low,no time
Low,medicine not working
Low,i will skip appointment this week
Low,i am busy tomorrow
Low,no doctor
Low,i am busy
Low,maybe some other time
Low,i will avoid treatment tomorrow
Low,scared of dentist today
Low,no time tomorrow
Low,i will avoid treatment soon
Low,dental fear
Low,i stopped medicine
Low,dental fear today
Low,i will come later next month
Low,i am busy this week
Low,i will skip appointment
Low,i will skip appointment tomorrow
Low,i will cancel
Low,i dont want treatment this week
Low,medicine not working next week
Low,i will avoid treatment this week
Low,dental anxiety
Low,i will not come
Low,not now
Low,treatment too painful
Low,medicine not working next week
Low,i dont want root canal
Low,i dont want root canal soon
Low,treatment too painful this evening
Low,afraid of treatment
Low,not interested soon
Low,not possible
Low,i will not come next month
Low,i will not come
Low,i cannot visit
Low,medicine not working next month
Low,i dont want extraction
Low,i will avoid treatment
Low,i stopped medicine tomorrow
Low,not interested
Low,dental fear tomorrow
Low,not possible tomorrow
Low,i will postpone
Low,i will postpone tomorrow
Low,dental anxiety
Low,maybe some other time tomorrow
Low,medicine not working soon
Low,i dont want treatment
Low,not now
Low,i will postpone
Low,cannot come
Low,i will postpone
Low,i dont want extraction
Low,maybe some other time this evening
Low,i will cancel tomorrow
Low,i will avoid treatment
Low,i stopped medicine
Low,i dont want treatment next month
Low,not possible
Low,i will skip appointment tomorrow
Low,i will cancel next month
Low,i dont want root canal this week
Low,not interested
Low,dental anxiety next month
Low,i stopped medicine this week
Low,i will avoid treatment
Low,no time tomorrow
Low,i dont want treatment this evening
Low,too busy
Low,not possible
Low,treatment too painful next week
Low,not interested tomorrow
Low,i will not come
Low,not now
Low,afraid of treatment next month
Low,i am busy
Low,i will postpone
Low,i will not come this week
Low,scared of dentist soon
Low,i will skip appointment next month
Low,too busy
Low,i stopped medicine tomorrow
Low,not now next month
Low,i will cancel next month
Low,i will come later
Low,not possible today
Low,not interested tomorrow
Low,i will not come
Low,no doctor today
Low,not possible this evening
Low,i dont want treatment
Low,i will postpone
Low,dental fear
Low,not now
Low,afraid of treatment next week
Low,i dont want root canal
Low,not now
Low,i will avoid treatment
Low,not possible this evening
Low,maybe some other time
Low,not possible soon
Low,dental anxiety
Low,scared of dentist next week
Low,medicine not working
Low,i will avoid treatment soon
Low,no doctor this week
Low,i am busy tomorrow
Low,i will come later
Low,no time next week
Low,dental fear this week
Low,i dont want root canal tomorrow
Low,maybe some other time
Low,i will skip appointment next week
Low,scared of dentist
Low,i will postpone
Low,i will avoid treatment
Low,i will cancel soon
Low,medicine not working
Low,no doctor next week
Low,no time this evening
Low,i will cancel next week
Low,too busy
Low,i will come later
Low,i cannot visit tomorrow
Low,i dont want root canal this evening
Low,i will skip appointment
Low,no time today
Low,not now this week
Low,i will cancel
Low,scared of dentist this week
Low,dental fear tomorrow
Low,i stopped medicine next month
Low,afraid of treatment
Low,no time
Low,i dont want extraction
Low,i cannot visit this week
Low,not interested this evening
Low,dental anxiety
Low,i will come later this evening
Low,i will avoid treatment
Low,too busy next month
Low,dental fear this week
Low,dental fear this evening
Low,cannot come next week
Low,i am busy
Low,i dont want root canal next week
Low,dental fear
Low,i will postpone this evening
Low,no time
Low,afraid of treatment next month
Low,i will come later this week
Low,dental fear
Low,i dont want treatment this week
Low,i cannot visit
Low,maybe some other time soon
Low,scared of dentist
Low,treatment too painful next month
Low,i will avoid treatment
Low,not now
Low,treatment too painful this week
Low,not possible
Low,afraid of treatment this week
Low,cannot come
Low,scared of dentist
Low,not possible
Low,i dont want root canal
Low,i will avoid treatment
Low,dental anxiety
Low,i will postpone today
Low,not possible today
Low,dental fear
Low,afraid of treatment tomorrow
Low,i dont want treatment
Low,i will skip appointment
Low,cannot come soon
Low,i dont want root canal next month
Low,i will skip appointment this evening
Low,scared of dentist next month
Low,scared of dentist next month
Low,i dont want extraction
Low,afraid of treatment
Low,scared of dentist
Low,dental fear next week
Low,dental anxiety next month
Low,i dont want extraction
Low,medicine not working next month
Low,i dont want extraction today
Low,i will come later tomorrow
Low,medicine not working today
Low,i am busy
Low,not interested
Low,i will skip appointment this evening
Low,i dont want extraction this week
Low,maybe some other time
Low,i dont want treatment soon
Low,treatment too painful next week
Low,too busy
Low,i will postpone
Low,scared of dentist
Low,not interested today
Low,i dont want root canal
Low,dental fear
Low,i will postpone next week
Low,dental fear next month
Low,dental anxiety
Low,no time
Low,not possible next month
Low,i stopped medicine soon
Low,i will cancel
Low,maybe some other time
Low,medicine not working soon
Low,i will cancel soon
Low,i will not come next week
Low,not interested today
Low,no time
Low,i dont want treatment
Low,maybe some other time
Low,i will not come today
Low,treatment too painful
Low,i will skip appointment this week
Low,not possible this week
Low,i will not come
Low,afraid of treatment this week
Low,dental fear this evening
Low,i dont want extraction soon
Low,dental fear today
Low,not possible today
Low,not interested
Low,maybe some other time next month
Low,i cannot visit tomorrow
Low,no doctor this evening
Low,not possible next week
Low,dental anxiety
Low,i stopped medicine
Low,not now
Low,too busy soon
Low,i will not come tomorrow
Low,i dont want treatment today
Low,no time next week
Low,dental anxiety
Low,no time
Low,i will cancel today
Low,afraid of treatment
Low,no time this week
Low,i will not come this week
Low,i will come later next week
Low,i dont want extraction this week
Low,no doctor
Low,i will come later
Low,i will come later
Low,not now soon
Low,no time soon
Low,i will avoid treatment next month
Low,treatment too painful this week
Low,dental anxiety
Low,cannot come
Low,no time soon
Low,scared of dentist
Low,afraid of treatment next week
Low,i will avoid treatment
Low,i dont want root canal this evening
Low,maybe some other time
Low,no doctor this evening
Low,cannot come soon
Low,i will skip appointment
Low,i dont want root canal
Low,i dont want treatment
Low,i will avoid treatment
Low,i cannot visit
Low,i stopped medicine
Low,i dont want treatment
Low,maybe some other time
Low,i dont want extraction
Low,not possible
Low,not now
Low,i stopped medicine
Low,not possible
Low,i will avoid treatment soon
Low,i am busy
Low,medicine not working tomorrow
Low,cannot come
Low,not interested this week
Low,not interested
Low,not now next week
Low,i will cancel
Low,too busy
Low,dental anxiety this week
Low,not interested
Low,maybe some other time this week
Low,i will postpone
Low,i will come later tomorrow
Low,i dont want treatment
Low,i will cancel
Low,not now tomorrow
Low,not interested
Low,i will come later
Low,i will come later
Low,medicine not working
Low,i will come later
Low,i cannot visit tomorrow
Low,i am busy tomorrow
Low,maybe some other time this week
Low,i stopped medicine
Low,i will not come today
Low,medicine not working
Low,no doctor next month
Low,i cannot visit
Low,i dont want root canal
Low,afraid of treatment
Low,no doctor
Low,not possible
Low,cannot come
Low,i am busy next month
Low,treatment too painful
Low,not now
Low,i will skip appointment
Low,i cannot visit today
Low,dental fear next week
Low,i will skip appointment tomorrow
Low,i will skip appointment
Low,no time
Low,i will come later this week
Low,medicine not working next month
Low,i will not come today
Low,not possible
Low,scared of dentist today
Low,i cannot visit this evening
Low,not possible
Low,i will not come tomorrow
Low,not now
Low,i stopped medicine next week
Low,i cannot visit soon
Low,no time
Low,too busy tomorrow
Low,i will cancel
Low,i will not come
Low,i dont want treatment next month
Low,treatment too painful
Low,dental fear
Low,afraid of treatment today
Low,i dont want extraction soon
Low,dental anxiety today
Low,i will cancel this evening
Low,too busy today
Low,i will not come
Low,dental anxiety this week
Low,i will avoid treatment next week
Low,not now next month
Low,i will come later this week
Low,i will cancel next week
Low,i dont want extraction
Low,i will come later next month
Low,i will not come this week
Low,afraid of treatment today
Low,no doctor this evening
Low,i will avoid treatment
Low,i will cancel
Low,afraid of treatment
Low,not possible
Low,i will come later soon
Low,not interested this evening
Low,no doctor next week
Low,dental fear
Low,i will skip appointment
Low,scared of dentist
Low,i will not come tomorrow
Low,i cannot visit
Low,i dont want treatment tomorrow
Low,not interested tomorrow
Low,i will avoid treatment soon
Low,i will skip appointment
Low,i will not come
Low,i will not come
Low,i will not come next month
Low,i will skip appointment soon
Low,i will skip appointment this evening
Low,i cannot visit
Low,treatment too painful
Low,not possible
Low,medicine not working next week
Low,no doctor
Low,i dont want extraction soon
Low,not possible
Low,i dont want root canal
Low,i will avoid treatment soon
Low,no doctor
Low,maybe some other time
Low,dental anxiety
Low,no time next month
Low,no time this evening
Low,treatment too painful
Low,no doctor
Low,i stopped medicine next week
Low,not interested this evening
Low,maybe some other time
Low,i dont want treatment this week
Low,i dont want root canal this evening
Low,afraid of treatment today
Low,not possible
Low,i dont want treatment
Low,i will cancel this week
Low,i dont want treatment tomorrow
Low,not interested tomorrow
Low,i will avoid treatment
Low,i cannot visit next week
Low,i cannot visit
Low,not possible today
Low,i stopped medicine
Low,scared of dentist soon
Low,too busy
Low,dental fear soon
Low,cannot come
Low,not interested tomorrow
Low,dental anxiety
Low,i dont want treatment this week
Low,dental anxiety
Low,i stopped medicine
Low,medicine not working
Low,not now
Low,maybe some other time
Low,i stopped medicine
Low,i dont want root canal
Low,i am busy
Low,i dont want root canal
Low,treatment too painful
Low,i dont want treatment today
Low,i will cancel this evening
Low,i dont want treatment this week
Low,not interested soon
Low,too busy soon
Low,i will skip appointment this week
Low,too busy next month
Low,medicine not working today
Low,no doctor
Low,no doctor next month
Low,afraid of treatment next month
Low,i will come later today
Low,too busy
Low,medicine not working
Low,scared of dentist
Low,no time
Low,i dont want root canal tomorrow
Low,i stopped medicine next month
Low,cannot come tomorrow
Low,treatment too painful tomorrow
Low,dental anxiety next month
Low,not now next week
Low,no doctor
Low,maybe some other time
Low,too busy
Low,scared of dentist
Low,not interested today
Low,dental fear tomorrow
Low,no time today
Low,afraid of treatment
Low,dental anxiety
Low,i will postpone tomorrow
Low,i am busy
Low,no time
Low,cannot come today
Low,i will cancel next month
Low,no doctor tomorrow
Low,i will postpone
Low,cannot come
Low,i will skip appointment
Low,maybe some other time
Low,i will skip appointment this evening
Low,no doctor today
Low,not now next month
Low,i will postpone today
Low,i will avoid treatment
Low,i will not come
Low,i cannot visit next week
Low,not interested
Low,no time next week
Low,medicine not working tomorrow
Low,dental anxiety
Low,not interested
Low,no time next month
Low,treatment too painful today
Low,i dont want treatment
Low,no doctor this evening
Low,treatment too painful
Low,no doctor this week
Low,i will postpone
Low,i will avoid treatment this evening
Low,i will cancel
Low,i am busy next week
Low,no doctor
Low,i stopped medicine
Low,i am busy next week
Low,no doctor
Low,i will postpone soon
Low,dental anxiety
Low,dental anxiety this week
Low,scared of dentist
Low,i will avoid treatment
Low,maybe some other time next week
Low,dental fear today
Low,i will come later tomorrow
Low,cannot come today
Low,too busy
Low,scared of dentist this week
Low,i will not come
Low,no time
Low,not now
Low,i will avoid treatment
Low,maybe some other time
Low,maybe some other time this week
Low,i am busy
Low,not interested
Low,i cannot visit soon
Low,too busy this week
Low,cannot come next month
Low,i will come later
Low,i dont want treatment next month
Low,i cannot visit tomorrow
Low,i will skip appointment
Low,not now
Low,dental fear
Low,scared of dentist
Low,i dont want extraction
Low,i will come later
Low,maybe some other time
Low,i dont want extraction this evening
Low,i dont want root canal next month
Low,i dont want treatment
Low,cannot come
Low,not possible next week
Low,dental fear
Low,i dont want treatment tomorrow
Low,i stopped medicine this week
Low,not possible soon
Low,treatment too painful this week
Low,i will come later
Low,i will cancel
Low,i will not come today
Low,i will come later soon
Low,i am busy today
Low,i stopped medicine
Low,i dont want root canal
Low,i will avoid treatment
Low,i will skip appointment
Low,not possible
Low,dental fear this week
Low,too busy next week
Low,i will postpone
Low,i dont want extraction today
Low,i stopped medicine today
Low,i will skip appointment tomorrow
Low,afraid of treatment
Low,treatment too painful
Low,not interested
Low,dental anxiety
Low,dental anxiety next week
Low,not interested
Low,i stopped medicine
Low,too busy today
Low,no doctor this week
Low,i cannot visit
Low,maybe some other time soon
Low,i will cancel next week
Low,i will avoid treatment tomorrow
Low,i will not come
Low,i will not come next week
Low,i will cancel
Low,i dont want treatment today
Low,maybe some other time this week
Low,medicine not working next month
Low,i will postpone today
Low,i dont want treatment
Low,not possible
Low,i will avoid treatment soon
Low,no doctor next month
Low,i cannot visit soon
Low,dental fear
Low,scared of dentist
Low,not interested
Low,i will cancel
Low,maybe some other time next month
Low,i cannot visit this week
Low,i will not come
Low,i dont want extraction this week
Low,i dont want extraction
Low,maybe some other time
Low,i stopped medicine
Low,i will come later
Low,scared of dentist
Low,not interested
Low,dental anxiety this week
Low,i will cancel tomorrow
Low,i will not come this evening
Low,i cannot visit this week
Low,not interested
Low,i cannot visit
Low,i will come later
Low,i will skip appointment today
Low,medicine not working
Low,scared of dentist
Low,i am busy
Low,maybe some other time
Low,treatment too painful next month
Low,i stopped medicine tomorrow
Low,i stopped medicine
Low,i am busy
Low,i cannot visit this evening
Low,afraid of treatment
Low,i dont want treatment
Low,afraid of treatment this week
Low,not possible
Low,medicine not working
Low,dental fear this evening
Low,dental fear
Low,no time
Low,scared of dentist
Low,too busy
Low,not interested
Low,no doctor
Low,i cannot visit next week
Low,i will come later next week
Low,too busy
Low,i stopped medicine soon
Low,dental fear next month
Low,maybe some other time
Low,no time
Low,too busy
Low,i am busy
Low,treatment too painful
Low,i dont want extraction this evening
Low,no time this evening
Low,i will skip appointment this week
Low,medicine not working next week
Low,scared of dentist next week
Low,i will postpone
Low,i dont want treatment this week
Low,maybe some other time this evening
Low,scared of dentist
Low,not possible
Low,scared of dentist
Low,i dont want extraction today
Low,scared of dentist this evening
Low,scared of dentist next week
Low,not interested
Low,i will postpone next week
Low,scared of dentist soon
Low,i dont want extraction next week
Low,i dont want root canal this week
Low,maybe some other time next month
Low,no doctor
Low,medicine not working
Low,medicine not working
Low,i will cancel
Low,medicine not working
Low,i am busy soon
Low,too busy next month
Low,i will not come
Low,dental anxiety this evening
Low,i dont want extraction
Low,too busy next month
Low,medicine not working
Low,dental fear soon
Low,i will avoid treatment soon
Low,treatment too painful this week
Low,cannot come this evening
Low,i stopped medicine this week
Low,medicine not working next week
Low,i will postpone this week
Low,i dont want extraction
Low,i dont want treatment today
Low,i will postpone
Low,dental fear tomorrow
Low,i will not come
Low,i will skip appointment
Low,cannot come
Low,i dont want treatment this evening
Low,i will cancel
Low,i will postpone
Low,too busy next month
Low,i am busy
Low,i dont want root canal
Low,i dont want extraction
Low,not interested
Low,i will cancel
Low,treatment too painful
Low,i dont want extraction this week
Low,no doctor
Low,not possible
Low,dental fear
Low,i will not come this evening
Low,too busy
Low,i am busy
Low,not interested this evening
Low,afraid of treatment today
Low,i will come later
Low,i will cancel this week
Low,treatment too painful this week
Low,i cannot visit
Low,medicine not working next month
Low,i will cancel
Low,afraid of treatment today
Low,i will not come next week
Low,not interested
Low,dental fear
Low,i dont want extraction
Low,scared of dentist
Low,scared of dentist
Low,i dont want root canal tomorrow
Low,i will avoid treatment
Low,no time
Low,dental anxiety
Low,cannot come soon
Low,dental anxiety next week
Low,maybe some other time this evening
Low,dental anxiety
Low,no time soon
Low,no doctor
Low,i stopped medicine tomorrow
Low,afraid of treatment
Low,dental anxiety
Low,dental fear
Low,i am busy tomorrow
Low,medicine not working
Low,i will avoid treatment next week
Low,i will come later
Low,scared of dentist this week
Low,i will skip appointment
Low,maybe some other time next week
Low,dental fear
Low,not now
Low,too busy
Low,afraid of treatment
Low,maybe some other time next week
Low,not now
Low,maybe some other time tomorrow
Low,not interested
Low,i dont want treatment
Low,medicine not working
Low,scared of dentist
Low,i will avoid treatment
Low,not now
Low,medicine not working this evening
Low,not now
Low,too busy next week
Low,i will postpone tomorrow
Low,not interested
Low,i will skip appointment
Low,i stopped medicine
Low,i dont want extraction
Low,dental anxiety
Low,dental fear
Low,i cannot visit
Low,i will not come soon
Low,dental anxiety
Low,i dont want extraction
Low,i will cancel
Low,i dont want root canal today
Low,maybe some other time this evening
Low,i will skip appointment
Low,i will postpone today
Low,i will cancel this evening
Low,i will come later today
Low,i will avoid treatment today
Low,treatment too painful today
Low,i cannot visit soon
Low,medicine not working next week
Low,not possible this evening
Low,not possible
Low,not possible
Low,i dont want extraction
Low,i will not come today
Low,i will avoid treatment
Low,i will not come
Low,medicine not working
Low,cannot come next week
Low,dental anxiety
Low,no time
Low,i dont want root canal
Low,i stopped medicine soon
Low,i will postpone tomorrow
Low,cannot come
Low,i dont want treatment this evening
Low,cannot come this evening
Low,no time soon
Low,too busy today
Low,no time
Low,no doctor
Low,cannot come this evening
Low,no time next week
Low,dental anxiety today
Low,not now next month
Low,dental fear
Low,treatment too painful
Low,i stopped medicine
Low,i will postpone
Low,i am busy next week
Low,i will skip appointment next month
Low,cannot come
Low,scared of dentist
Low,no time
Low,i will avoid treatment next month
Low,not now next week
Low,maybe some other time next month
Low,i will avoid treatment
Low,i will not come today
Low,not now soon
Low,medicine not working today
Low,no time soon
Low,i will cancel soon
Low,maybe some other time today
Low,too busy next week
Low,scared of dentist next week
Low,cannot come next week
Low,i will postpone next week
Low,i will skip appointment
Low,i will avoid treatment
Low,i will cancel
Low,i dont want extraction
Low,medicine not working next month
Low,i will cancel
Low,i dont want treatment this week
Low,i will skip appointment
Low,i stopped medicine this evening
Low,i dont want extraction
Low,not possible
Low,i will skip appointment
Low,dental anxiety
Low,no doctor
Low,i will avoid treatment
Low,i will cancel
Low,cannot come
Low,i cannot visit
Low,i will postpone
Low,not interested tomorrow
Low,cannot come soon
Low,medicine not working
Low,i will not come
Low,dental anxiety tomorrow
Low,i will not come
Low,i dont want root canal today
Low,not now this evening
Low,maybe some other time
Low,i cannot visit tomorrow
Low,not possible
Low,no doctor
Low,no doctor next month
Low,cannot come
Low,dental anxiety soon
Low,i stopped medicine
Low,i cannot visit
Low,maybe some other time
Low,dental anxiety
Low,i dont want extraction
Low,dental fear this evening
Low,i will cancel next month
Low,i dont want extraction this week
Low,too busy
Low,scared of dentist
Low,i will postpone
Low,i will avoid treatment today
Low,i will not come soon
Low,maybe some other time today
Low,i stopped medicine
Low,medicine not working
Low,i will not come
Low,not interested
Low,dental fear
Low,i will not come
Low,i dont want extraction next month
Low,i dont want extraction
Low,i will postpone
Low,i am busy
Low,medicine not working next week
Low,i am busy
Low,treatment too painful soon
Low,i will cancel
Low,not possible tomorrow
Low,i cannot visit
Low,treatment too painful this evening
Low,i am busy
Low,maybe some other time this evening
Low,i will avoid treatment
Low,maybe some other time
Low,i dont want root canal
Low,not possible next month
Low,treatment too painful next week
Low,i dont want extraction
Low,i stopped medicine
Low,dental anxiety this week
Low,i dont want treatment
Low,not interested
Low,dental fear this week
Low,i am busy next month
Low,i dont want treatment
Low,not interested
Low,not possible
Low,i will avoid treatment
Low,i will cancel
Low,cannot come
Low,treatment too painful this week
Low,maybe some other time this evening
Low,i will come later
Low,i cannot visit
Low,i stopped medicine tomorrow
Low,maybe some other time this evening
Low,dental anxiety next month
Low,medicine not working
Low,i will not come this evening
Low,no time
Low,too busy
Low,i will postpone next week
Low,i dont want root canal tomorrow
Low,i dont want root canal this evening
Low,i will cancel today
Low,dental fear
Low,dental anxiety
Low,afraid of treatment next week
Low,not interested
Low,treatment too painful
Low,no time today
Low,maybe some other time next week
Low,i will avoid treatment
Low,treatment too painful tomorrow
Low,i will not come tomorrow
Low,i will cancel
Low,afraid of treatment this week
Low,i dont want root canal
Low,i am busy this week
Low,too busy
Low,i dont want root canal